user,
3044012,
4236494,
5574997,
7547671,
10329108,
13301498,
14411090,
15469418,
16210231,
19283444,
20041353,
22840021,
23150045,
23170479,
24978365,
26389537,
28806872,
29002074,
33930603,
33966018,
35629376,
38974975,
38985694,
41934198,
43026617,
45139176,
45148230,
47659843,
48380986,
50457238,
51165908,
57075229,
61814256,
65801702,
66260844,
67249956,
69302861,
70152834,
70585535,
71688472,
72298333,
73288922,
78065188,
80379054,
81458678,
82610705,
82923911,
85640691,
88554519,
91139927,
92410554,
95170590,
96542289,
96931058,
97374877,
98054194,
102981257,
107783241,
110310789,
111840914,
120053518,
121528378,
121856257,
122826603,
123290209,
127904873,
128723876,
132341149,
135706634,
139210489,
140576550,
143093592,
147852768,
156079457,
156584666,
156603823,
158531231,
160071273,
166685992,
167200370,
168764910,
171842881,
174994783,
178517662,
180779799,
183275855,
184140061,
185422302,
187910813,
193113796,
193158441,
193920233,
194257626,
195973264,
197344023,
197704997,
199120737,
199379035,
203050907,
203456139,
204568422,
206173756,
210296799,
210626346,
217443195,
220184636,
221442949,
223870698,
236194065,
238446352,
240018991,
240521211,
242262473,
243893094,
244644122,
245442083,
246547106,
247769793,
248375618,
248805577,
249577815,
249918369,
252627634,
254306319,
255311196,
256692717,
261990895,
263599897,
265142861,
265682801,
267902048,
272165392,
272886293,
275264384,
279323206,
279699155,
280410144,
280995052,
282487230,
282914818,
283716061,
286293491,
292322045,
292529766,
294167146,
296126900,
296271448,
299446963,
304983697,
305160382,
306153925,
306422496,
307071731,
307271704,
309131167,
310296684,
310846555,
314484928,
320000323,
321386359,
322814221,
326930040,
327414596,
328922601,
331502829,
331982192,
333508463,
335269852,
336493147,
338395830,
341641838,
344313409,
344906444,
350964414,
351313256,
351713549,
351801772,
352769719,
354026608,
354974889,
358368837,
363257522,
363577443,
364700925,
366365683,
373631588,
374464774,
374950100,
377835263,
379327893,
381155306,
382550204,
383523902,
383587770,
384269001,
384932005,
386145959,
392706219,
393035612,
393817534,
395305791,
395811323,
396929851,
397493741,
398134674,
403467810,
411205694,
411622998,
413292015,
413881487,
414832767,
419456233,
419778061,
422002690,
422699736,
423256429,
427369081,
427471768,
429489211,
431015679,
436392678,
437050836,
439279583,
439316726,
439366650,
439507113,
441103517,
441391794,
443655774,
443931185,
445442743,
447244169,
447504709,
451317840,
453809966,
458097400,
458389001,
458848274,
460608021,
466698547,
467001379,
469837401,
475620820,
476865227,
479907067,
481236042,
483332100,
486162423,
486871070,
486884397,
488389895,
489170488,
490500468,
491263047,
491792092,
492612031,
495379217,
496936219,
499079668,
500857618,
507847098,
508282809,
508837021,
515567373,
516110926,
516353916,
516841937,
517270916,
517357553,
522776668,
527523423,
528218683,
528289771,
528810329,
531662584,
531967718,
532589341,
533051511,
533192042,
535350558,
540360566,
544449933,
545289514,
547259551,
550625442,
551538117,
552316934,
555384690,
555631167,
564641393,
567534910,
567820539,
568409249,
569536605,
569826712,
570405433,
571210795,
571415268,
576776993,
580008340,
581584739,
584188387,
588924229,
589091561,
589199943,
591781953,
593799836,
596044827,
599144899,
601094182,
602317951,
602551909,
603763318,
604530209,
605378672,
605903903,
608310969,
608372256,
609331956,
609630180,
610133863,
612098420,
613604753,
613747359,
614599699,
616227847,
618927177,
620032149,
627948360,
630652349,
631446479,
635462786,
637505307,
639250885,
639409951,
641678389,
641836752,
642317092,
645414373,
648931301,
649114603,
651240040,
651258472,
653909548,
655721325,
659158929,
659447721,
659725808,
661151794,
661656054,
666534021,
673356819,
677048573,
677234912,
680402144,
681010476,
681315287,
682721107,
686015101,
686151443,
687313787,
689225317,
689961313,
691831024,
694221975,
694709965,
699877746,
700438783,
708073241,
708262477,
709445936,
712040216,
715159059,
722675569,
723110955,
724483958,
724978354,
725162516,
728332848,
732078356,
734292380,
736262792,
738324703,
738525400,
743008535,
743802819,
747578727,
749467696,
754938428,
761616937,
762911677,
763143562,
763694881,
765240064,
769376177,
770526360,
776020237,
777634122,
785251375,
786776836,
792037916,
793834125,
793842953,
794355051,
803166736,
803991005,
809834239,
810608905,
811791433,
812299615,
814715283,
818241254,
818504714,
825875823,
826927178,
828445240,
830686203,
836256116,
836628838,
840865386,
842198355,
843843832,
848363602,
848730816,
853658665,
863771353,
866032649,
869017322,
871177088,
873272013,
875145825,
875823959,
876103013,
880096064,
881544435,
882525479,
883237232,
887085722,
891035674,
893322374,
895925498,
895967408,
898918449,
900679620,
900897870,
903486144,
904520689,
905852095,
906981127,
910947719,
912476748,
913235409,
914476369,
915098649,
916547437,
917421982,
925172794,
931677473,
932480867,
932543338,
934187073,
943483502,
947750317,
948275186,
959300591,
962338748,
964581027,
964607716,
965181412,
967361915,
967988763,
969572676,
971079958,
973677184,
980272932,
981252249,
983894136,
985245482,
985547042,
986039272,
987701123,
988160405,
988213942,
990116823,
990496397,
995603012,
996222490,
1000293064,
1006838695,
1008893291,
1011223331,
1016040879,
1016099896,
1017178142,
1017536864,
1018886228,
1023714879,
1023717643,
1025593498,
1027250316,
1027766032,
1030441254,
1037260580,
1038182690,
1038432983,
1039126403,
1044078286,
1044598291,
1047741032,
1048933817,
1053832375,
1055981550,
1058920791,
1060557660,
1060747655,
1061545438,
1063337028,
1063393664,
1066906993,
1067164735,
1069507870,
1071319145,
1072041355,
1072368701,
1073821707,
1073831349,
1075126714,
1075375005,
1075504486,
1076497247,
1079339663,
1080002133,
1085794659,
1090447281,
1091746693,
1093568005,
1101021964,
1101602207,
1104038607,
1104375072,
1107615001,
1107746429,
1108471961,
1109682681,
1109825061,
1109967945,
1114094430,
1115244043,
1115249498,
1116289197,
1117272184,
1120323401,
1122537977,
1123244794,
1123831146,
1126868438,
1127657981,
1130900979,
1130967213,
1131940169,
1132746796,
1134784132,
1143069903,
1144485498,
1148170980,
1150230846,
1150601139,
1152125988,
1155485546,
1157924193,
1159947871,
1160148526,
1160667975,
1164338332,
1166204486,
1168909050,
1169270868,
1169783448,
1170938005,
1171363794,
1176550521,
1177603447,
1178274219,
1184737011,
1184895977,
1190190812,
1191714842,
1195601618,
1197154185,
1210062900,
1210853041,
1213367737,
1213744330,
1214006960,
1217122759,
1221271987,
1221420614,
1223566187,
1227446685,
1227484684,
1228133573,
1230559341,
1232503863,
1232677153,
1233774081,
1234792409,
1235578437,
1236336671,
1239364869,
1240674478,
1258447015,
1264179509,
1267593079,
1268093476,
1269478831,
1275857085,
1280283349,
1287353407,
1287850161,
1287950172,
1289232847,
1289434141,
1290399197,
1292184871,
1292417817,
1295003824,
1296007357,
1296420014,
1298546667,
1299595690,
1301544506,
1301945337,
1302145719,
1304321680,
1304554072,
1308650192,
1309915074,
1312400822,
1313492534,
1315208123,
1318722285,
1320034490,
1320099877,
1323529412,
1328287907,
1328697582,
1330656870,
1336647234,
1339315323,
1339643555,
1342752171,
1342961341,
1344492095,
1345896548,
1346837558,
1349230619,
1349737346,
1350285710,
1353265512,
1353596523,
1354120181,
1354205322,
1356079140,
1358222118,
1358236584,
1368412107,
1369743769,
1369905557,
1372630997,
1372842685,
1374205441,
1374956141,
1377253602,
1377585598,
1386214900,
1386311924,
1392332761,
1399383819,
1404395751,
1408344828,
1411780050,
1414301782,
1418885681,
1419064403,
1420338074,
1421630185,
1422103142,
1426944148,
1427469971,
1433939064,
1437617088,
1438134738,
1440749616,
1444113850,
1452056386,
1452633375,
1459241748,
1462984861,
1463717359,
1463808662,
1467007408,
1474775097,
1476956307,
1482478167,
1484078818,
1486339292,
1486465606,
1491636315,
1493407039,
1507405031,
1507678209,
1515828822,
1518400220,
1522287705,
1525918364,
1528359455,
1531339765,
1531475209,
1535643599,
1536104641,
1537885461,
1538685648,
1539256277,
1540298318,
1540524189,
1541564886,
1541756008,
1543396188,
1543462230,
1544526064,
1545906782,
1548216840,
1548590231,
1551848670,
1553019839,
1554993130,
1555879260,
1560565543,
1566021834,
1567057770,
1567970024,
1568770334,
1571490313,
1572816023,
1575376083,
1577437083,
1579613783,
1582474481,
1583577411,
1583772039,
1585175216,
1586029420,
1594431230,
1595465532,
1597392855,
1598750229,
1601125543,
1610329121,
1611204256,
1612038297,
1614494381,
1615303306,
1615336827,
1615717851,
1619040661,
1619453117,
1620608449,
1622015724,
1622366272,
1625052108,
1625116475,
1625530935,
1628172447,
1629404827,
1634011224,
1637039865,
1640786388,
1641960627,
1649320589,
1651844876,
1652448351,
1654935837,
1657497614,
1662308136,
1663149119,
1665746866,
1666085128,
1666288434,
1667532620,
1668335332,
1668862262,
1669178531,
1669357187,
1672939792,
1676582816,
1679420385,
1680807465,
1696361679,
1697527574,
1701323236,
1703562892,
1703748926,
1707093494,
1707278925,
1710009181,
1711604959,
1716727029,
1716791097,
1717882536,
1720019070,
1721715566,
1724694030,
1725995841,
1726345056,
1728055600,
1732120655,
1732859563,
1733709559,
1735204308,
1737346733,
1737429301,
1741814612,
1747042580,
1747091728,
1747471686,
1747573617,
1748492203,
1749528606,
1754474767,
1754904960,
1757951758,
1761058217,
1766663257,
1767855106,
1772941037,
1774252774,
1774655165,
1783276120,
1785235519,
1788141082,
1788256739,
1793590520,
1799323346,
1800702076,
1803816912,
1804164018,
1805025807,
1808101898,
1809934947,
1815238419,
1815721382,
1821206755,
1821733300,
1823716058,
1826190863,
1826584692,
1829290442,
1832146052,
1833128849,
1834669948,
1838926600,
1842145373,
1844741381,
1849546291,
1851530247,
1856999246,
1857390350,
1859726822,
1865714809,
1871580056,
1873358601,
1873687001,
1875891307,
1876906939,
1879459765,
1879908611,
1882344631,
1889089758,
1890318514,
1890732196,
1895679477,
1897267951,
1898427878,
1906220044,
1908507314,
1911617585,
1912059312,
1912698965,
1914182220,
1917038415,
1918148274,
1918945522,
1923507186,
1926859556,
1931485787,
1931818423,
1932371532,
1933513142,
1935452377,
1941314046,
1946827878,
1948333652,
1948945052,
1949443459,
1951340806,
1952293169,
1952851403,
1953913885,
1954193338,
1954960931,
1955766052,
1959500556,
1959680039,
1964309262,
1965944390,
1966851184,
1967689783,
1967928641,
1974832510,
1977271538,
1980915793,
1984545931,
1985852583,
1987194661,
1989811285,
1990188032,
1996678705,
1997928281,
2006663136,
2008761267,
2010045207,
2014445987,
2021435753,
2022308068,
2023721073,
2023976924,
2024711643,
2030266367,
2031754020,
2033574675,
2033945746,
2034536037,
2039668267,
2040340167,
2041677127,
2043422334,
2048999821,
2054531858,
2054648409,
2056142684,
2057625114,
2059471156,
2062768867,
2062977016,
2063287658,
2063714458,
2068379568,
2069145631,
2069512156,
2071663365,
2071842684,
2074086523,
2080715583,
2081059890,
2081393559,
2086869786,
2090888096,
2092954906,
2098552598,
2102662137,
2105308456,
2105508317,
2107308395,
2111847795,
2112130968,
2114638118,
2116203935,
2116294822,
2122304529,
2127416756,
2129690960,
2129920319,
2133006016,
2134808475,
2138239477,
2147677924,
2148913954,
2153152806,
2156846040,
2160639516,
2162567305,
2162823560,
2163304477,
2163512224,
2164973127,
2166518457,
2169945834,
2171206786,
2176419410,
2183586456,
2184501135,
2187324082,
2187693519,
2188094871,
2191468400,
2193628344,
2193664477,
2193694254,
2194245277,
2196432988,
2196784941,
2196976878,
2197210107,
2199467633,
2202079852,
2202271093,
2203000569,
2205166542,
2205536033,
2207460362,
2209002289,
2212184935,
2212919969,
2216123501,
2217177799,
2217567238,
2217853337,
2222162186,
2223714757,
2223946882,
2231607096,
2233880590,
2234899895,
2238460219,
2238790970,
2239318984,
2243065045,
2243396544,
2244689014,
2246918838,
2248506579,
2249748129,
2251800772,
2252845148,
2254327912,
2254352523,
2255113076,
2256989025,
2257286686,
2259554717,
2260760754,
2261578513,
2264585544,
2265864872,
2265899995,
2271261888,
2271406145,
2272634729,
2275313265,
2278013791,
2281560980,
2282257791,
2282422131,
2282893903,
2285462405,
2286248913,
2286292570,
2290297293,
2291100279,
2291885035,
2295726157,
2298623317,
2305032569,
2312878118,
2314166008,
2315042356,
2316950688,
2319889082,
2321074684,
2321085380,
2325340243,
2326237915,
2326463380,
2328301807,
2328481418,
2328965162,
2329661605,
2329755329,
2330978075,
2332715028,
2334852679,
2337052402,
2338481531,
2340199364,
2342474285,
2342735753,
2343762978,
2344133160,
2345460195,
2348719537,
2350981164,
2351788775,
2353444142,
2356937947,
2360121322,
2375503792,
2378242378,
2378571713,
2381156995,
2381922770,
2383553413,
2388007096,
2393365897,
2393678699,
2394083016,
2399006053,
2400078243,
2400147519,
2403055502,
2404499203,
2408246939,
2409482937,
2411451936,
2415400273,
2416484731,
2416491105,
2416903887,
2417747893,
2419536569,
2424565945,
2425859426,
2436252940,
2436389418,
2438466073,
2440023887,
2440671055,
2441936878,
2444012189,
2444212053,
2446596885,
2448969855,
2449307177,
2451466347,
2452785645,
2456225582,
2457737664,
2458053629,
2458068456,
2458429643,
2460812912,
2461816241,
2463413235,
2463864814,
2464597212,
2465513009,
2467409062,
2467706552,
2467980416,
2473747678,
2477193718,
2480747202,
2480816831,
2483584418,
2485670452,
2488018670,
2489551967,
2489943153,
2490559498,
2491957982,
2493952533,
2495110802,
2495407859,
2496550100,
2496837007,
2500150280,
2501052021,
2501280523,
2504328739,
2507955484,
2512917389,
2517213950,
2520120463,
2522377610,
2523562208,
2536109970,
2536496919,
2539871585,
2541238114,
2543824082,
2544817539,
2545657612,
2546983756,
2557219570,
2559434877,
2559754952,
2560745948,
2563679078,
2566144998,
2567514456,
2571348801,
2571725299,
2571895925,
2572315833,
2577093097,
2583651606,
2584536356,
2587246668,
2590409583,
2593432040,
2594894760,
2596513149,
2597201802,
2600681841,
2600683125,
2604497840,
2609061039,
2610662061,
2614389627,
2619163162,
2621463744,
2623537385,
2624413719,
2624862533,
2626409021,
2630238456,
2633145288,
2634481972,
2635167233,
2635547119,
2638473114,
2643058163,
2644266735,
2644859372,
2648736219,
2650493630,
2659357596,
2660754061,
2667370728,
2668221937,
2669808667,
2670196825,
2671029253,
2673355078,
2674968860,
2676225924,
2677559053,
2679652649,
2680823346,
2681199273,
2683024755,
2684781446,
2685090431,
2690867178,
2691223445,
2692015370,
2692979972,
2694023881,
2694809416,
2695530712,
2700330302,
2701755218,
2703461171,
2706298619,
2706413631,
2711152367,
2711982636,
2712853779,
2713002362,
2713603391,
2717402855,
2718796148,
2721011967,
2722906127,
2722968909,
2723513568,
2724319931,
2727221059,
2727600790,
2728047278,
2736679402,
2740017993,
2744115938,
2746088407,
2752875123,
2756550887,
2761832946,
2761872404,
2763959582,
2764881224,
2766172404,
2766269208,
2768250886,
2768571751,
2771438232,
2772609387,
2774351000,
2777195317,
2780094512,
2787327616,
2787637778,
2788859591,
2789486165,
2789880308,
2791232352,
2791418962,
2792856754,
2793393083,
2794470551,
2796038131,
2803741841,
2804635189,
2805293886,
2807567247,
2810188071,
2813753172,
2815688436,
2817061625,
2818464367,
2822972903,
2823307221,
2824647204,
2827067982,
2833011810,
2834313805,
2835299246,
2836886911,
2837984655,
2838808644,
2841225823,
2842187594,
2842951963,
2844491503,
2845673972,
2848481402,
2849010050,
2852759815,
2855659739,
2856937853,
2856945250,
2858284447,
2858760089,
2860912043,
2862718608,
2863143805,
2864836500,
2864899561,
2864941156,
2874765790,
2877985693,
2878084097,
2879905973,
2883315236,
2884249863,
2885761776,
2888420415,
2889282959,
2890295436,
2890467561,
2892947506,
2893327845,
2895220130,
2902208687,
2903662804,
2912946138,
2914443596,
2916559717,
2916716118,
2919431452,
2920617215,
2921156307,
2925400415,
2928822295,
2931803878,
2932861723,
2933561364,
2936209614,
2936324533,
2937013787,
2937549539,
2939775948,
2940390801,
2940917694,
2941044791,
2944246732,
2945726385,
2946269473,
2949537983,
2949876199,
2954668845,
2954864792,
2957852218,
2962003608,
2962659545,
2962725194,
2963121670,
2971846635,
2971889961,
2975026524,
2978622176,
2979487597,
2980440229,
2981133909,
2984260178,
2985391759,
2987144847,
2989025224,
2990855864,
2993320562,
2995967526,
3001870892,
3004312073,
3005728385,
3009580143,
3021174039,
3021411633,
3031242464,
3033728418,
3035544663,
3035853030,
3035907343,
3036141956,
3037654114,
3038024163,
3039417842,
3041198590,
3041705231,
3042360462,
3042642967,
3043278753,
3043291654,
3044183470,
3052191172,
3052673147,
3053992683,
3054205479,
3061307316,
3064452030,
3065586006,
3069569833,
3071093998,
3071252660,
3071657222,
3074133478,
3076967009,
3078024483,
3080858756,
3084096535,
3089564924,
3091527231,
3093978794,
3095718598,
3096870348,
3096946503,
3098511794,
3102217094,
3104132371,
3108358241,
3108480638,
3109949526,
3115928657,
3117046697,
3118355226,
3118938050,
3122183291,
3122564522,
3123500032,
3123712598,
3131909049,
3138635490,
3142327997,
3145229913,
3147626282,
3147653776,
3148555709,
3151272434,
3153655575,
3155504635,
3157328676,
3162849104,
3165928866,
3166414361,
3167658465,
3169024744,
3172189947,
3172450732,
3175354507,
3176074542,
3178723259,
3180412264,
3182595870,
3183278547,
3186268838,
3186577794,
3187292148,
3188496109,
3191212256,
3191592351,
3193697919,
3193929919,
3194014105,
3196759129,
3198504537,
3198801990,
3198823658,
3199368063,
3200119975,
3205053921,
3208908819,
3210206992,
3210719423,
3210947692,
3220398573,
3221482892,
3221698850,
3222079869,
3223036396,
3224203982,
3227661980,
3228579807,
3231004341,
3235544076,
3236041774,
3239836164,
3240337776,
3242215738,
3244067756,
3245391379,
3245671824,
3251568850,
3251840412,
3252326922,
3253486500,
3253822509,
3256961152,
3257224121,
3258220935,
3258281955,
3261632504,
3261647162,
3269471699,
3272389348,
3276463946,
3278092752,
3279061945,
3279257076,
3279316025,
3282509573,
3282950773,
3285425249,
3286878858,
3287429621,
3289417890,
3290663177,
3291092348,
3292395061,
3292982761,
3294080054,
3297493554,
3298977709,
3299137750,
3299562450,
3300092451,
3308173668,
3310268237,
3311830643,
3315282129,
3316008620,
3316715342,
3318646261,
3325600533,
3325628838,
3326031604,
3330061773,
3330527170,
3330927216,
3333431092,
3336438888,
3338007773,
3338812734,
3348417635,
3350047181,
3350877536,
3357589225,
3357905099,
3360609244,
3362701480,
3365349866,
3365445357,
3365642090,
3368369538,
3368619983,
3376988073,
3377526627,
3378002804,
3383460510,
3384563138,
3388914512,
3389282421,
3389773360,
3390146258,
3391264132,
3394779937,
3395187066,
3395257600,
3404441712,
3406326706,
3406478396,
3408163802,
3410532659,
3410667855,
3415507920,
3415673411,
3418659271,
3419376657,
3421333729,
3422212913,
3424054391,
3427056824,
3427263623,
3427391302,
3430986998,
3434508639,
3435412352,
3436715440,
3436781566,
3442212683,
3452705349,
3453760477,
3456890538,
3459927853,
3460014666,
3461518589,
3464554032,
3464961116,
3466521212,
3467140948,
3467219840,
3467307298,
3469589500,
3471761709,
3474900298,
3475233110,
3477857993,
3480044787,
3481743878,
3484099744,
3486057072,
3488485988,
3488552280,
3492585943,
3500240032,
3502990892,
3504006486,
3504868122,
3505202339,
3505511916,
3507534894,
3508414044,
3511155378,
3511417249,
3513858183,
3514195773,
3515391844,
3519657066,
3521411736,
3525941406,
3527940337,
3530946278,
3531604778,
3535608264,
3536031836,
3548214416,
3548820422,
3554343061,
3554343310,
3554586211,
3555067038,
3555641932,
3556981605,
3563882371,
3565456636,
3567042309,
3570943696,
3573650571,
3573906831,
3577629547,
3587335204,
3591151863,
3592311259,
3593927263,
3594731327,
3594879390,
3597496510,
3598524699,
3598881287,
3600455391,
3601021922,
3601181201,
3611774179,
3613178093,
3614158257,
3614812788,
3616389778,
3616798795,
3617843828,
3621549603,
3622262372,
3625917937,
3626676306,
3626957091,
3627421819,
3628146836,
3631889944,
3633091100,
3635047946,
3641159022,
3642118045,
3643380555,
3646961870,
3647725503,
3654861045,
3657335672,
3657701087,
3663559651,
3663573906,
3668457471,
3669048335,
3669515588,
3669633546,
3670434254,
3674200063,
3676872343,
3680140922,
3680318580,
3681459280,
3685921102,
3686871863,
3691949299,
3693095617,
3695179498,
3697489067,
3697799491,
3699893563,
3702967330,
3705805946,
3709066919,
3711334312,
3715196259,
3719137321,
3719575513,
3721561384,
3723896394,
3724535659,
3725766398,
3726154528,
3732091250,
3734794530,
3739086221,
3742693550,
3751606951,
3751635372,
3752474458,
3757671214,
3757971767,
3758003912,
3761442030,
3761533297,
3765981467,
3766417922,
3770864710,
3771702031,
3773947618,
3775078143,
3778197718,
3779883288,
3780551356,
3784315595,
3787931088,
3788009173,
3791414763,
3793249811,
3793812304,
3798379681,
3799386472,
3799854455,
3803199563,
3803479601,
3804509987,
3810123859,
3811264923,
3813354209,
3814621161,
3815063730,
3816191065,
3818876690,
3818890017,
3820521570,
3822987687,
3823320698,
3826739942,
3828329584,
3833425001,
3833491880,
3833637800,
3834655845,
3835637004,
3838242688,
3839562998,
3841001673,
3841524478,
3841682652,
3842862938,
3843287866,
3848620961,
3850128249,
3851487388,
3861090052,
3861589862,
3863123259,
3865016311,
3866177358,
3866909611,
3867241412,
3870800241,
3877440809,
3877652693,
3878851138,
3883721026,
3885352810,
3887778002,
3889944197,
3890676452,
3891396601,
3893362486,
3894667987,
3898478698,
3903245015,
3903823612,
3904408941,
3909374079,
3909997753,
3910177999,
3913824397,
3922819697,
3925613292,
3926920467,
3929074393,
3930126543,
3930161610,
3934266336,
3935809106,
3941958556,
3943175229,
3944021305,
3944910705,
3945099542,
3946163681,
3947821070,
3953979752,
3956190115,
3956887319,
3961511121,
3962251454,
3963277827,
3964170614,
3965529047,
3968152684,
3969691423,
3970825989,
3972581484,
3975666608,
3979775182,
3981819420,
3986193980,
3986539301,
3987610774,
3990579831,
3994781966,
3995442796,
3998399905,
4000106370,
4001997352,
4002956902,
4005594979,
4005604348,
4005906279,
4007830365,
4007974189,
4012638060,
4020164258,
4024053152,
4024104633,
4026562594,
4030714899,
4030798150,
4032639394,
4036343234,
4040322582,
4042546595,
4044282675,
4046490355,
4047903240,
4048868881,
4052225912,
4054029300,
4055395044,
4057542584,
4057602883,
4058274528,
4062975904,
4066782471,
4067602271,
4070008434,
4073053389,
4075466480,
4075574010,
4079159663,
4081761804,
4081921627,
4087630383,
4089111119,
4098096768,
4101515763,
4101519751,
4103253513,
4103923906,
4106525792,
4106927042,
4107349498,
4108811510,
4109397627,
4111854243,
4115365036,
4118821425,
4119250454,
4120847672,
4122019703,
4122483286,
4123476974,
4124005270,
4125376571,
4129856023,
4133514703,
4134124728,
4135589149,
4135593225,
4136285322,
4137863751,
4138013784,
4138499822,
4140744216,
4141359923,
4141924620,
4145252615,
4146086354,
4146675310,
4151484001,
4152805025,
4156731925,
4157365314,
4162525077,
4162769577,
4164388326,
4165482530,
4168402703,
4170157131,
4170453600,
4171765566,
4175659797,
4176403253,
4178291537,
4179324570,
4180930546,
4181452333,
4181468602,
4181543522,
4185115186,
4185425091,
4186528243,
4188511767,
4190165036,
4190879012,
4192733318,
4195660981,
4196666928,
4197193550,
4198845543,
4199616576,
4200601044,
4201750807,
4202081674,
4202112938,
4205646791,
4206209185,
4206471336,
4206915288,
4207448575,
4213772349,
4214369322,
4217222631,
4219701031,
4220962429,
4222590338,
4226575687,
4232243965,
4233914020,
4235386848,
4236087068,
4238321438,
4239378941,
4239616087,
4239920443,
4244109605,
4246010516,
4246728549,
4247553940,
4247824186,
4257951883,
4261340176,
4261865653,
4262496040,
4264591455,
4268611130,
4269216118,
4272342830,
4275037038,
4276320842,
4278168842,
4282954307,
4285564534,
4286635694,
4288238269,
4291083982,
4293103086