U1, U2
U3, U4
U5, U6
U7, U8
U7, U9
U7, U10
U11, U12
U13, U14
U13, U15
U13, U16
U13, U17
U18, U19
U20, U21
U22, U23
U22, U24
U25, U26
U25, U27
U25, U28
U25, U29
U30, U31
U30, U32
U33, U34
U35, U36
U37, U38
U37, U39
U37, U40
U37, U41
U42, U43
U44, U45
U44, U46
U47, U48
U47, U49
U47, U50
U51, U52
U51, U53
U54, U55
U54, U56
U57, U58
U59, U60
U61, U62
U63, U64
U65, U66
U65, U67
U65, U68
U69, U70
U71, U72
U73, U74
U75, U76
U77, U78
U79, U80
U79, U81
U82, U83
U82, U84
U82, U85
U82, U86
U87, U86
U88, U89
U90, U91
U92, U93
U92, U94
U95, U96
U95, U97
U95, U98
U95, U99
U95, U100
U95, U101
U102, U103
U102, U32
U104, U105
U104, U106
U107, U108
U109, U110
U111, U112
U111, U113
U111, U114
U111, U115
U116, U117
U118, U119
U120, U121
U120, U122
U123, U124
U125, U126
U127, U128
U129, U130
U131, U103
U132, U133
U134, U135
U134, U136
U137, U101
U138, U139
U140, U141
U140, U142
U140, U143
U144, U145
U146, U147
U148, U149
U150, U151
U150, U152
U153, U136
U153, U154
U155, U156
U157, U158
U159, U160
U159, U161
U159, U8
U108, U162
U108, U163
U108, U107
U108, U164
U165, U166
U165, U167
U168, U169
U170, U151
U171, U172
U173, U174
U173, U175
U173, U176
U173, U177
U173, U178
U173, U179
U173, U180
U173, U181
U173, U182
U173, U183
U173, U184
U185, U186
U187, U163
U188, U189
U190, U191
U24, U22
U182, U192
U182, U173
U182, U177
U182, U179
U182, U181
U193, U194
U175, U173
U195, U196
U197, U74
U197, U91
U198, U199
U27, U200
U27, U25
U201, U202
U201, U203
U201, U204
U201, U205
U201, U101
U201, U206
U207, U208
U207, U209
U210, U211
U210, U212
U210, U213
U214, U205
U214, U215
U214, U106
U214, U96
U214, U216
U217, U218
U219, U220
U221, U222
U223, U224
U225, U226
U225, U227
U228, U229
U230, U231
U147, U146
U232, U233
U234, U235
U236, U237
U34, U33
U238, U239
U238, U240
U238, U241
U242, U243
U244, U196
U98, U95
U106, U245
U106, U104
U106, U172
U106, U214
U106, U246
U106, U247
U248, U249
U250, U251
U252, U253
U254, U255
U52, U51
U256, U257
U256, U258
U259, U218
U259, U199
U259, U260
U259, U261
U262, U263
U262, U264
U262, U265
U266, U267
U266, U268
U74, U73
U74, U197
U269, U270
U204, U235
U204, U271
U204, U201
U204, U272
U167, U273
U167, U165
U274, U275
U274, U276
U274, U199
U277, U83
U278, U279
U278, U280
U278, U281
U278, U257
U278, U282
U283, U284
U279, U224
U279, U285
U279, U286
U279, U278
U279, U282
U8, U159
U8, U287
U8, U7
U288, U289
U288, U290
U291, U292
U293, U294
U295, U296
U297, U117
U298, U299
U300, U301
U302, U303
U257, U304
U257, U305
U257, U162
U257, U256
U257, U278
U306, U307
U263, U308
U263, U262
U263, U265
U309, U310
U40, U37
U19, U18
U19, U189
U311, U312
U313, U246
U84, U82
U84, U86
U227, U225
U314, U315
U316, U317
U316, U318
U316, U319
U320, U321
U320, U322
U66, U68
U66, U65
U323, U264
U324, U325
U326, U327
U326, U328
U329, U330
U331, U332
U333, U253
U189, U188
U189, U334
U189, U19
U189, U335
U336, U337
U338, U339
U340, U119
U340, U64
U340, U341
U340, U342
U343, U344
U133, U345
U133, U132
U346, U261
U347, U348
U126, U125
U233, U232
U233, U349
U350, U351
U350, U352
U353, U282
U354, U355
U356, U357
U356, U318
U358, U359
U245, U360
U245, U361
U245, U362
U245, U363
U245, U364
U245, U101
U245, U106
U245, U114
U365, U113
U365, U212
U365, U366
U367, U368
U367, U48
U89, U369
U89, U88
U370, U371
U372, U373
U374, U139
U374, U375
U374, U376
U377, U360
U377, U378
U377, U379
U380, U360
U380, U381
U154, U153
U382, U383
U373, U372
U384, U385
U112, U111
U386, U387
U388, U389
U390, U391
U392, U393
U394, U395
U394, U396
U394, U397
U398, U399
U398, U400
U398, U401
U100, U95
U100, U402
U403, U352
U303, U302
U404, U399
U405, U270
U360, U406
U360, U380
U360, U245
U360, U407
U360, U377
U360, U114
U408, U235
U191, U190
U191, U409
U410, U407
U411, U412
U411, U103
U413, U414
U413, U415
U416, U417
U418, U419
U420, U421
U246, U422
U246, U423
U246, U424
U246, U106
U246, U425
U246, U407
U246, U426
U246, U427
U246, U313
U428, U429
U428, U430
U431, U432
U432, U431
U433, U434
U433, U435
U436, U139
U436, U437
U436, U438
U436, U439
U378, U96
U378, U440
U378, U441
U378, U377
U12, U11
U442, U443
U442, U444
U206, U247
U206, U114
U206, U445
U206, U201
U381, U380
U446, U447
U261, U346
U261, U259
U261, U448
U449, U450
U310, U4
U310, U309
U310, U282
U251, U250
U136, U153
U136, U46
U136, U134
U15, U451
U15, U14
U15, U13
U15, U16
U452, U113
U453, U249
U450, U449
U450, U454
U455, U203
U455, U456
U202, U419
U202, U457
U202, U201
U202, U458
U459, U460
U459, U461
U305, U257
U169, U368
U169, U168
U462, U463
U464, U465
U466, U467
U468, U469
U470, U471
U472, U91
U473, U474
U475, U476
U341, U477
U341, U340
U341, U478
U479, U480
U481, U38
U482, U294
U482, U483
U101, U484
U101, U328
U101, U235
U101, U95
U101, U245
U101, U201
U101, U485
U101, U486
U101, U407
U101, U487
U101, U137
U101, U488
U101, U216
U489, U490
U325, U324
U491, U492
U491, U493
U491, U494
U495, U496
U497, U498
U499, U500
U501, U502
U503, U504
U255, U254
U255, U505
U255, U506
U222, U221
U121, U120
U121, U507
U2, U441
U2, U1
U162, U281
U162, U257
U162, U508
U162, U258
U162, U509
U162, U108
U510, U218
U510, U511
U512, U513
U512, U199
U512, U276
U514, U229
U505, U255
U9, U7
U515, U516
U97, U95
U463, U517
U463, U462
U23, U22
U518, U474
U328, U519
U328, U101
U328, U326
U520, U521
U522, U523
U235, U204
U235, U524
U235, U234
U235, U271
U235, U408
U235, U101
U235, U525
U235, U425
U235, U344
U235, U526
U235, U527
U243, U528
U243, U242
U529, U530
U529, U258
U529, U531
U483, U294
U483, U532
U483, U482
U337, U533
U369, U534
U369, U89
U535, U474
U142, U140
U142, U536
U142, U537
U366, U365
U538, U539
U294, U483
U294, U482
U294, U540
U294, U293
U294, U532
U296, U295
U541, U542
U543, U544
U545, U124
U545, U546
U476, U475
U547, U548
U176, U173
U176, U174
U549, U550
U551, U552
U551, U218
U553, U218
U554, U555
U554, U199
U554, U556
U554, U557
U558, U559
U177, U173
U177, U178
U177, U179
U177, U181
U177, U182
U177, U184
U560, U561
U50, U47
U562, U315
U546, U545
U406, U360
U563, U564
U161, U159
U161, U565
U566, U567
U135, U363
U135, U134
U568, U307
U281, U275
U281, U162
U281, U278
U417, U416
U569, U570
U569, U330
U484, U571
U319, U318
U572, U573
U574, U575
U574, U271
U273, U576
U273, U577
U273, U166
U273, U167
U578, U579
U577, U273
U371, U370
U580, U43
U421, U420
U318, U581
U318, U356
U318, U316
U318, U319
U352, U403
U352, U350
U352, U582
U352, U583
U352, U584
U584, U585
U584, U352
U584, U586
U110, U109
U587, U412
U565, U161
U588, U327
U180, U173
U589, U590
U589, U519
U48, U367
U48, U47
U429, U591
U592, U593
U423, U246
U419, U458
U419, U202
U419, U418
U594, U595
U596, U113
U597, U598
U599, U600
U540, U532
U540, U294
U267, U601
U267, U268
U267, U266
U556, U554
U602, U525
U595, U594
U564, U563
U603, U604
U477, U605
U477, U341
U606, U607
U608, U609
U4, U610
U4, U310
U4, U3
U478, U341
U332, U331
U96, U378
U96, U95
U96, U214
U335, U189
U45, U44
U45, U611
U494, U491
U612, U613
U612, U614
U612, U615
U616, U617
U618, U49
U618, U598
U454, U450
U454, U498
U609, U619
U609, U213
U609, U76
U609, U608
U609, U247
U609, U10
U620, U621
U14, U15
U14, U13
U622, U623
U622, U624
U622, U583
U212, U365
U212, U210
U213, U609
U213, U210
U590, U589
U122, U120
U625, U626
U76, U609
U76, U75
U76, U10
U627, U444
U284, U283
U628, U629
U628, U530
U582, U352
U583, U623
U583, U521
U583, U630
U583, U622
U583, U352
U457, U631
U457, U202
U247, U609
U247, U172
U247, U206
U247, U106
U632, U633
U500, U400
U500, U399
U634, U635
U6, U5
U342, U496
U342, U340
U636, U218
U151, U170
U151, U150
U637, U638
U639, U607
U304, U555
U304, U640
U304, U257
U304, U258
U304, U641
U642, U643
U642, U511
U363, U245
U363, U135
U363, U492
U67, U68
U67, U65
U521, U583
U521, U520
U644, U115
U530, U555
U530, U513
U530, U529
U530, U628
U530, U641
U645, U646
U647, U641
U78, U648
U78, U77
U268, U267
U268, U266
U539, U538
U649, U650
U651, U581
U652, U570
U653, U139
U654, U655
U656, U657
U658, U659
U617, U616
U533, U337
U533, U660
U661, U662
U249, U248
U249, U663
U249, U453
U467, U160
U467, U466
U664, U91
U270, U405
U270, U269
U665, U64
U445, U206
U435, U433
U91, U472
U91, U664
U91, U666
U91, U90
U91, U197
U456, U455
U667, U286
U667, U275
U667, U218
U439, U139
U439, U438
U439, U436
U439, U437
U437, U436
U437, U439
U437, U139
U437, U438
U668, U669
U668, U670
U671, U672
U671, U659
U673, U114
U164, U108
U490, U489
U379, U377
U674, U650
U56, U55
U56, U54
U359, U358
U359, U675
U676, U677
U412, U587
U412, U440
U412, U411
U412, U678
U412, U679
U400, U500
U400, U398
U400, U680
U400, U548
U276, U274
U276, U512
U681, U682
U534, U369
U357, U356
U447, U446
U289, U683
U289, U288
U224, U279
U224, U640
U224, U684
U537, U142
U368, U367
U368, U169
U630, U583
U630, U685
U532, U294
U532, U483
U532, U540
U509, U162
U509, U474
U548, U547
U548, U400
U686, U687
U686, U387
U623, U622
U623, U583
U688, U689
U72, U414
U72, U71
U690, U29
U691, U692
U81, U239
U81, U79
U492, U363
U492, U491
U424, U246
U693, U694
U655, U695
U655, U654
U28, U25
U149, U148
U696, U697
U517, U463
U178, U177
U178, U181
U178, U173
U178, U179
U680, U400
U290, U288
U605, U119
U605, U698
U605, U477
U605, U699
U605, U700
U701, U559
U702, U38
U703, U85
U542, U541
U471, U470
U704, U705
U706, U707
U145, U144
U621, U620
U621, U708
U156, U155
U402, U100
U488, U709
U488, U101
U710, U711
U712, U713
U712, U662
U312, U311
U312, U349
U312, U714
U715, U716
U707, U706
U717, U282
U718, U714
U718, U32
U719, U720
U719, U721
U272, U425
U272, U204
U722, U723
U722, U724
U722, U216
U709, U458
U709, U488
U725, U726
U725, U727
U725, U728
U714, U312
U714, U271
U714, U718
U714, U527
U714, U103
U714, U729
U550, U549
U730, U507
U511, U716
U511, U513
U511, U510
U511, U642
U511, U684
U511, U731
U58, U732
U58, U57
U531, U199
U531, U557
U531, U529
U663, U249
U434, U433
U434, U21
U16, U451
U16, U15
U16, U13
U733, U734
U733, U401
U631, U457
U631, U458
U631, U735
U631, U575
U183, U173
U183, U179
U139, U374
U139, U436
U139, U439
U139, U138
U139, U736
U139, U653
U139, U438
U139, U437
U139, U376
U458, U631
U458, U735
U458, U737
U458, U419
U458, U709
U458, U202
U559, U701
U559, U558
U527, U235
U527, U714
U527, U729
U375, U374
U440, U412
U440, U378
U469, U468
U469, U260
U17, U13
U17, U62
U487, U101
U130, U129
U427, U246
U427, U364
U414, U413
U414, U72
U414, U415
U672, U671
U629, U628
U738, U739
U31, U30
U192, U182
U740, U275
U158, U157
U117, U297
U117, U116
U600, U599
U675, U359
U741, U742
U407, U504
U407, U410
U407, U360
U407, U114
U407, U101
U683, U289
U683, U586
U508, U162
U575, U631
U575, U574
U10, U609
U10, U76
U10, U7
U387, U386
U387, U686
U387, U660
U743, U617
U721, U719
U611, U45
U662, U713
U662, U661
U662, U712
U744, U422
U744, U426
U745, U746
U739, U738
U643, U642
U53, U51
U43, U42
U43, U580
U528, U243
U734, U401
U734, U733
U747, U218
U748, U152
U64, U119
U64, U63
U64, U340
U64, U665
U749, U114
U750, U751
U339, U338
U322, U320
U752, U26
U55, U56
U55, U54
U679, U412
U679, U345
U513, U511
U513, U684
U513, U530
U513, U512
U321, U320
U699, U605
U753, U754
U422, U246
U422, U744
U729, U527
U729, U103
U729, U714
U586, U683
U586, U584
U275, U740
U275, U716
U275, U274
U275, U239
U275, U281
U275, U667
U376, U139
U376, U374
U755, U756
U757, U507
U174, U173
U174, U176
U430, U428
U211, U210
U38, U702
U38, U481
U460, U459
U758, U759
U502, U501
U184, U173
U184, U177
U601, U267
U62, U17
U760, U536
U760, U218
U152, U150
U152, U748
U670, U668
U216, U214
U216, U761
U216, U722
U216, U101
U728, U762
U728, U474
U728, U725
U728, U763
U524, U235
U684, U224
U684, U513
U684, U511
U396, U395
U396, U394
U396, U397
U764, U765
U766, U103
U287, U767
U287, U768
U287, U698
U287, U769
U287, U8
U344, U343
U344, U235
U657, U656
U83, U277
U441, U2
U441, U378
U385, U384
U385, U635
U698, U605
U698, U770
U698, U287
U687, U686
U771, U772
U771, U773
U415, U413
U415, U414
U415, U774
U732, U58
U208, U207
U737, U458
U99, U95
U775, U239
U776, U777
U731, U778
U731, U511
U779, U504
U260, U469
U260, U259
U685, U630
U438, U139
U438, U436
U438, U437
U438, U439
U253, U333
U253, U252
U93, U94
U93, U92
U271, U204
U271, U235
U271, U425
U271, U574
U271, U714
U258, U304
U258, U529
U258, U162
U258, U256
U128, U127
U624, U780
U624, U622
U461, U459
U781, U364
U115, U644
U115, U111
U70, U69
U181, U177
U181, U178
U181, U182
U181, U173
U181, U179
U593, U592
U264, U262
U264, U265
U264, U323
U782, U783
U241, U238
U327, U326
U327, U588
U209, U207
U480, U500
U480, U398
U480, U479
U561, U560
U361, U245
U282, U279
U282, U784
U282, U310
U282, U353
U282, U717
U282, U278
U103, U131
U103, U411
U103, U766
U103, U785
U103, U102
U103, U714
U103, U729
U682, U681
U581, U318
U581, U651
U786, U640
U746, U745
U205, U201
U205, U214
U29, U25
U29, U690
U141, U140
U523, U522
U787, U788
U345, U789
U345, U679
U726, U725
U713, U712
U713, U662
U498, U454
U498, U497
U355, U354
U692, U691
U451, U15
U451, U16
U393, U392
U769, U287
U172, U106
U172, U171
U172, U247
U41, U37
U716, U715
U716, U275
U716, U511
U790, U791
U39, U37
U792, U218
U762, U728
U793, U218
U265, U263
U265, U264
U265, U262
U794, U795
U763, U728
U763, U218
U724, U722
U301, U300
U351, U350
U640, U786
U640, U224
U640, U304
U26, U25
U26, U752
U666, U91
U666, U796
U199, U285
U199, U274
U199, U198
U199, U512
U199, U554
U199, U259
U199, U448
U203, U797
U203, U798
U203, U113
U203, U455
U203, U201
U160, U467
U160, U159
U474, U535
U474, U518
U474, U509
U474, U728
U751, U750
U770, U698
U237, U236
U200, U27
U797, U203
U797, U113
U68, U65
U68, U66
U68, U67
U536, U142
U536, U760
U231, U230
U113, U203
U113, U111
U113, U452
U113, U365
U113, U596
U113, U797
U113, U799
U113, U800
U36, U35
U669, U801
U669, U668
U802, U803
U754, U753
U86, U82
U86, U87
U86, U84
U791, U790
U774, U804
U774, U415
U239, U238
U239, U275
U239, U775
U239, U81
U805, U806
U576, U273
U196, U195
U196, U244
U571, U484
U711, U710
U166, U273
U166, U165
U735, U631
U735, U458
U804, U774
U783, U782
U807, U808
U807, U218
U807, U809
U695, U655
U80, U79
U226, U225
U759, U758
U767, U287
U330, U570
U330, U569
U330, U329
U607, U606
U607, U639
U286, U667
U286, U279
U286, U285
U785, U103
U785, U32
U506, U255
U784, U409
U784, U282
U810, U811
U317, U316
U736, U139
U615, U613
U615, U812
U615, U614
U615, U612
U813, U46
U349, U312
U349, U233
U756, U755
U795, U794
U646, U645
U809, U807
U143, U140
U516, U515
U85, U703
U85, U82
U723, U722
U811, U810
U761, U216
U678, U412
U678, U800
U614, U613
U614, U812
U614, U612
U614, U615
U280, U278
U555, U530
U555, U304
U555, U554
U425, U235
U425, U271
U425, U272
U425, U246
U557, U554
U557, U531
U591, U429
U391, U390
U552, U551
U814, U768
U697, U696
U307, U568
U307, U306
U694, U693
U496, U342
U496, U495
U49, U618
U49, U47
U689, U688
U519, U589
U519, U328
U598, U597
U598, U618
U815, U816
U334, U189
U334, U389
U610, U4
U817, U806
U708, U621
U818, U648
U570, U573
U570, U569
U570, U330
U570, U652
U465, U464
U229, U514
U285, U286
U285, U279
U285, U199
U194, U193
U705, U704
U700, U605
U635, U634
U635, U385
U772, U771
U772, U773
U504, U407
U504, U503
U504, U779
U124, U123
U124, U545
U364, U781
U364, U427
U742, U741
U315, U314
U315, U562
U819, U218
U348, U347
U401, U734
U401, U398
U401, U733
U585, U584
U179, U177
U179, U181
U179, U178
U179, U182
U179, U173
U179, U183
U240, U238
U389, U334
U389, U388
U803, U802
U308, U263
U105, U104
U801, U669
U798, U203
U60, U59
U796, U666
U119, U64
U119, U340
U119, U605
U638, U637
U619, U609
U613, U615
U613, U812
U613, U612
U613, U614
U409, U784
U409, U191
U444, U627
U444, U442
U820, U299
U799, U113
U215, U214
U727, U725
U114, U245
U114, U749
U114, U407
U114, U567
U114, U111
U114, U206
U114, U673
U21, U434
U21, U20
U544, U543
U525, U235
U525, U602
U648, U818
U648, U78
U397, U396
U397, U394
U397, U395
U292, U291
U720, U719
U448, U261
U448, U199
U163, U187
U163, U108
U777, U776
U812, U613
U812, U614
U812, U615
U773, U771
U773, U772
U32, U718
U32, U785
U32, U102
U32, U30
U821, U822
U493, U491
U765, U764
U573, U570
U573, U572
U660, U533
U660, U387
U94, U93
U94, U92
U806, U805
U806, U817
U768, U287
U768, U814
U650, U674
U650, U649
U789, U345
U641, U823
U641, U286
U641, U304
U641, U647
U641, U530
U816, U815
U808, U807
U604, U603
U579, U578
U299, U298
U299, U820
U218, U792
U218, U217
U218, U553
U218, U551
U218, U510
U218, U636
U218, U793
U218, U667
U218, U747
U218, U763
U218, U819
U218, U807
U822, U821
U633, U632
U778, U731
U800, U113
U800, U678
U526, U235
U383, U382
U395, U396
U395, U394
U395, U397
U399, U404
U399, U500
U399, U398
U788, U787
U567, U114
U567, U566
U426, U246
U426, U744
U507, U121
U507, U757
U507, U730
U659, U671
U659, U658
U46, U44
U46, U813
U46, U136
U780, U624
